<?xml version="1.0" encoding="UTF-8"?>
<project-private xmlns="http://www.netbeans.org/ns/project-private/1">
    <open-files xmlns="http://www.netbeans.org/ns/projectui-open-files/2">
        <group>
            <file>file:/C:/Users/Gikundiro/Documents/NetBeansProjects/22RP03920/web/add-item.html</file>
            <file>file:/C:/Users/Gikundiro/Documents/NetBeansProjects/22RP03920/web/index.html</file>
            <file>file:/C:/Users/Gikundiro/Documents/NetBeansProjects/22RP03920/src/java/Assignment/RemoveItemServlet1.java</file>
        </group>
    </open-files>
</project-private>
